{"cameraMode":{"drawMode":0,"name":"Shaded","section":"Shading Mode"},"sceneLighting":true,"audioPlay":false,"sceneViewState":{"showFog":true,"showMaterialUpdate":false,"showSkybox":true,"showFlares":true,"showImageEffects":true,"showParticleSystems":true},"in2DMode":false,"pivot":{"x":5.115222930908203,"y":2.482389450073242,"z":4.817440986633301},"rotation":{"x":0.21824520826339723,"y":-0.38456082344055178,"z":0.08958007395267487,"w":0.8934948444366455},"size":20.73853874206543,"orthographic":false}