{"cameraMode":{"drawMode":0,"name":"Shaded","section":"Shading Mode"},"sceneLighting":true,"audioPlay":false,"sceneViewState":{"showFog":true,"showMaterialUpdate":false,"showSkybox":true,"showFlares":true,"showImageEffects":true,"showParticleSystems":true},"in2DMode":false,"pivot":{"x":2.557687759399414,"y":3.655501365661621,"z":0.2813291549682617},"rotation":{"x":0.2787843942642212,"y":-0.39033597707748415,"z":0.12082284688949585,"w":0.870171844959259},"size":22.828596115112306,"orthographic":false}