{"cameraMode":{"drawMode":0,"name":"Shaded","section":"Shading Mode"},"sceneLighting":true,"audioPlay":false,"sceneViewState":{"showFog":true,"showMaterialUpdate":false,"showSkybox":true,"showFlares":true,"showImageEffects":true,"showParticleSystems":true},"in2DMode":false,"pivot":{"x":3.892441749572754,"y":2.91803240776062,"z":0.4715711772441864},"rotation":{"x":0.2858046591281891,"y":-0.3793661296367645,"z":0.11891654878854752,"w":0.8729569315910339},"size":15.270896911621094,"orthographic":false}