{"cameraMode":{"drawMode":0,"name":"Shaded","section":"Shading Mode"},"sceneLighting":true,"audioPlay":false,"sceneViewState":{"showFog":true,"showMaterialUpdate":false,"showSkybox":true,"showFlares":true,"showImageEffects":true,"showParticleSystems":true},"in2DMode":false,"pivot":{"x":659.8423461914063,"y":196.37594604492188,"z":4.43585205078125},"rotation":{"x":0.1945561170578003,"y":-0.0747772753238678,"z":0.01102311722934246,"w":0.9789350628852844},"size":805.8934936523438,"orthographic":false}